{"allRoundData":[{"name":"Ethan","timeLimitInSeconds":10,"Points":20,"questions":[{"questionText":"This Statement is False","answers":[{"answerText":"True","isCorrect":true},{"answerText":"False","isCorrect":true}]},{"questionText":"How do you spell my name?","answers":[{"answerText":"Eathan","isCorrect":false},{"answerText":"Ethan","isCorrect":true},{"answerText":"Ethen","isCorrect":false}]},{"questionText":"What's the best Open World Game","answers":[{"answerText":"Skyrim","isCorrect":false},{"answerText":"Fallout","isCorrect":false},{"answerText":"Xenoblade X","isCorrect":true},{"answerText":"Kingdom Come","isCorrect":false}]}]}]}